{
  "__type__": "cc.SpriteFrame",
  "content": {
    "name": "pingzigai",
    "atlas": "",
    "rect": {
      "x": 11,
      "y": 0,
      "width": 69,
      "height": 61
    },
    "offset": {
      "x": -0.5,
      "y": 1
    },
    "originalSize": {
      "width": 92,
      "height": 63
    },
    "rotated": false,
    "capInsets": [
      0,
      0,
      0,
      0
    ],
    "vertices": {
      "rawPosition": [
        -34.5,
        -30.5,
        0,
        34.5,
        -30.5,
        0,
        -34.5,
        30.5,
        0,
        34.5,
        30.5,
        0
      ],
      "indexes": [
        0,
        1,
        2,
        2,
        1,
        3
      ],
      "uv": [
        11,
        63,
        80,
        63,
        11,
        2,
        80,
        2
      ],
      "nuv": [
        0.11956521739130435,
        0.031746031746031744,
        0.8695652173913043,
        0.031746031746031744,
        0.11956521739130435,
        1,
        0.8695652173913043,
        1
      ],
      "minPos": {
        "x": -34.5,
        "y": -30.5,
        "z": 0
      },
      "maxPos": {
        "x": 34.5,
        "y": 30.5,
        "z": 0
      }
    },
    "texture": "54546d55-960e-4686-8e27-f6806299473d@6c48a",
    "packable": true,
    "pixelsToUnit": 100,
    "pivot": {
      "x": 0.5,
      "y": 0.5
    },
    "meshType": 0
  }
}