{
  "__type__": "cc.SpriteFrame",
  "content": {
    "name": "begin",
    "atlas": "",
    "rect": {
      "x": 289,
      "y": 383,
      "width": 2243,
      "height": 818
    },
    "offset": {
      "x": 2.5,
      "y": -24
    },
    "originalSize": {
      "width": 2816,
      "height": 1536
    },
    "rotated": false,
    "capInsets": [
      0,
      0,
      0,
      0
    ],
    "vertices": {
      "rawPosition": [
        -1121.5,
        -409,
        0,
        1121.5,
        -409,
        0,
        -1121.5,
        409,
        0,
        1121.5,
        409,
        0
      ],
      "indexes": [
        0,
        1,
        2,
        2,
        1,
        3
      ],
      "uv": [
        289,
        1153,
        2532,
        1153,
        289,
        335,
        2532,
        335
      ],
      "nuv": [
        0.10262784090909091,
        0.21809895833333334,
        0.8991477272727273,
        0.21809895833333334,
        0.10262784090909091,
        0.7506510416666666,
        0.8991477272727273,
        0.7506510416666666
      ],
      "minPos": {
        "x": -1121.5,
        "y": -409,
        "z": 0
      },
      "maxPos": {
        "x": 1121.5,
        "y": 409,
        "z": 0
      }
    },
    "texture": "aeea3909-b93b-4bd4-a24d-7c3712f1670a@6c48a",
    "packable": true,
    "pixelsToUnit": 100,
    "pivot": {
      "x": 0.5,
      "y": 0.5
    },
    "meshType": 0
  }
}