{
  "__type__": "cc.SpriteFrame",
  "content": {
    "name": "exchange",
    "atlas": "",
    "rect": {
      "x": 37,
      "y": 15,
      "width": 48,
      "height": 54
    },
    "offset": {
      "x": -3,
      "y": 0.5
    },
    "originalSize": {
      "width": 128,
      "height": 85
    },
    "rotated": false,
    "capInsets": [
      0,
      0,
      0,
      0
    ],
    "vertices": {
      "rawPosition": [
        -24,
        -27,
        0,
        24,
        -27,
        0,
        -24,
        27,
        0,
        24,
        27,
        0
      ],
      "indexes": [
        0,
        1,
        2,
        2,
        1,
        3
      ],
      "uv": [
        37,
        70,
        85,
        70,
        37,
        16,
        85,
        16
      ],
      "nuv": [
        0.2890625,
        0.18823529411764706,
        0.6640625,
        0.18823529411764706,
        0.2890625,
        0.8235294117647058,
        0.6640625,
        0.8235294117647058
      ],
      "minPos": {
        "x": -24,
        "y": -27,
        "z": 0
      },
      "maxPos": {
        "x": 24,
        "y": 27,
        "z": 0
      }
    },
    "texture": "561dae89-6058-4ada-bb17-7afd9e6a9b2d@6c48a",
    "packable": true,
    "pixelsToUnit": 100,
    "pivot": {
      "x": 0.5,
      "y": 0.5
    },
    "meshType": 0
  }
}