{
  "__type__": "cc.SpriteFrame",
  "content": {
    "name": "mask",
    "atlas": "",
    "rect": {
      "x": 0,
      "y": 21,
      "width": 92,
      "height": 224
    },
    "offset": {
      "x": 0,
      "y": -10.5
    },
    "originalSize": {
      "width": 92,
      "height": 245
    },
    "rotated": false,
    "capInsets": [
      0,
      0,
      0,
      0
    ],
    "vertices": {
      "rawPosition": [
        -46,
        -112,
        0,
        46,
        -112,
        0,
        -46,
        112,
        0,
        46,
        112,
        0
      ],
      "indexes": [
        0,
        1,
        2,
        2,
        1,
        3
      ],
      "uv": [
        0,
        224,
        92,
        224,
        0,
        0,
        92,
        0
      ],
      "nuv": [
        0,
        0,
        1,
        0,
        0,
        0.9142857142857143,
        1,
        0.9142857142857143
      ],
      "minPos": {
        "x": -46,
        "y": -112,
        "z": 0
      },
      "maxPos": {
        "x": 46,
        "y": 112,
        "z": 0
      }
    },
    "texture": "96625a68-29e9-4664-9c25-127f8137a6ab@6c48a",
    "packable": true,
    "pixelsToUnit": 100,
    "pivot": {
      "x": 0.5,
      "y": 0.5
    },
    "meshType": 0
  }
}