{
  "__type__": "cc.SpriteFrame",
  "content": {
    "name": "addGlass",
    "atlas": "",
    "rect": {
      "x": 47,
      "y": 18,
      "width": 27,
      "height": 53
    },
    "offset": {
      "x": -3.5,
      "y": 0.5
    },
    "originalSize": {
      "width": 128,
      "height": 90
    },
    "rotated": false,
    "capInsets": [
      0,
      0,
      0,
      0
    ],
    "vertices": {
      "rawPosition": [
        -13.5,
        -26.5,
        0,
        13.5,
        -26.5,
        0,
        -13.5,
        26.5,
        0,
        13.5,
        26.5,
        0
      ],
      "indexes": [
        0,
        1,
        2,
        2,
        1,
        3
      ],
      "uv": [
        47,
        72,
        74,
        72,
        47,
        19,
        74,
        19
      ],
      "nuv": [
        0.3671875,
        0.2111111111111111,
        0.578125,
        0.2111111111111111,
        0.3671875,
        0.8,
        0.578125,
        0.8
      ],
      "minPos": {
        "x": -13.5,
        "y": -26.5,
        "z": 0
      },
      "maxPos": {
        "x": 13.5,
        "y": 26.5,
        "z": 0
      }
    },
    "texture": "ac48a7d2-44ab-4f64-9546-cdb4c1090d56@6c48a",
    "packable": true,
    "pixelsToUnit": 100,
    "pivot": {
      "x": 0.5,
      "y": 0.5
    },
    "meshType": 0
  }
}