{
  "__type__": "cc.SpriteFrame",
  "content": {
    "name": "home",
    "atlas": "",
    "rect": {
      "x": 339,
      "y": 260,
      "width": 2160,
      "height": 926
    },
    "offset": {
      "x": 11,
      "y": 45
    },
    "originalSize": {
      "width": 2816,
      "height": 1536
    },
    "rotated": false,
    "capInsets": [
      0,
      0,
      0,
      0
    ],
    "vertices": {
      "rawPosition": [
        -1080,
        -463,
        0,
        1080,
        -463,
        0,
        -1080,
        463,
        0,
        1080,
        463,
        0
      ],
      "indexes": [
        0,
        1,
        2,
        2,
        1,
        3
      ],
      "uv": [
        339,
        1276,
        2499,
        1276,
        339,
        350,
        2499,
        350
      ],
      "nuv": [
        0.12038352272727272,
        0.22786458333333334,
        0.8874289772727273,
        0.22786458333333334,
        0.12038352272727272,
        0.8307291666666666,
        0.8874289772727273,
        0.8307291666666666
      ],
      "minPos": {
        "x": -1080,
        "y": -463,
        "z": 0
      },
      "maxPos": {
        "x": 1080,
        "y": 463,
        "z": 0
      }
    },
    "texture": "15ae819c-73fb-4413-a5c3-6d761e1ea98b@6c48a",
    "packable": true,
    "pixelsToUnit": 100,
    "pivot": {
      "x": 0.5,
      "y": 0.5
    },
    "meshType": 0
  }
}