{
  "__type__": "cc.SpriteFrame",
  "content": {
    "name": "end",
    "atlas": "",
    "rect": {
      "x": 78,
      "y": 53,
      "width": 2653,
      "height": 1252
    },
    "offset": {
      "x": 39,
      "y": 88.5
    },
    "originalSize": {
      "width": 2731,
      "height": 1535
    },
    "rotated": false,
    "capInsets": [
      0,
      0,
      0,
      0
    ],
    "vertices": {
      "rawPosition": [
        -1326.5,
        -626,
        0,
        1326.5,
        -626,
        0,
        -1326.5,
        626,
        0,
        1326.5,
        626,
        0
      ],
      "indexes": [
        0,
        1,
        2,
        2,
        1,
        3
      ],
      "uv": [
        78,
        1482,
        2731,
        1482,
        78,
        230,
        2731,
        230
      ],
      "nuv": [
        0.02856096667887221,
        0.1498371335504886,
        1,
        0.1498371335504886,
        0.02856096667887221,
        0.965472312703583,
        1,
        0.965472312703583
      ],
      "minPos": {
        "x": -1326.5,
        "y": -626,
        "z": 0
      },
      "maxPos": {
        "x": 1326.5,
        "y": 626,
        "z": 0
      }
    },
    "texture": "c7dc3278-3f38-4647-8bcf-3305f13be1a4@6c48a",
    "packable": true,
    "pixelsToUnit": 100,
    "pivot": {
      "x": 0.5,
      "y": 0.5
    },
    "meshType": 0
  }
}